author,body,comment_score,sentiment_hint
u_datafan,"This update is genuinely useful. The explanation was clear and the examples helped a lot.",42,Positive
u_skeptic,"The idea is fine, but the rollout feels rushed and confusing.",18,Negative
u_neutral,"I read the post and still need more details before deciding.",7,Neutral
u_builder,"Great work by the team, the performance improvement is noticeable.",36,Positive
u_critic,"This is disappointing. The old flow was faster and less buggy.",22,Negative
u_reader,"Can someone share the source for the numbers mentioned in the post?",5,Neutral
u_happy,"I love this change, especially the cleaner UI and faster search.",29,Positive
u_frustrated,"It keeps failing for me and support has not replied yet.",14,Negative
u_mixed,"Good concept, but the documentation needs more examples.",11,Neutral
u_thanks,"Thanks for posting this. It solved the exact issue I had yesterday.",33,Positive
